true,tabpfn_proba,baseline_proba
0,0.003297240938991308,6.61964648450809e-08
1,0.42490801215171814,0.07760629226599716
1,0.7784567475318909,0.9998002156974946
1,0.9276978373527527,0.9999889691084894
0,0.12467266619205475,0.00941953905548444
0,0.00044362476910464466,5.7852980941228305e-09
1,0.16502922773361206,0.0007251640829754083
1,0.9869948029518127,0.9999927881858723
0,0.0008034782949835062,5.68114844736058e-08
0,0.002053000731393695,1.4457177698202206e-08
0,0.0002658217854332179,1.7214213094845855e-08
0,0.08948606252670288,2.5465518658755786e-05
1,0.9161736965179443,0.9999572827565594
1,0.9103155136108398,0.999981962429641
1,0.35444653034210205,0.030513267016243656
0,0.0038834083825349808,1.8466855862627208e-07
0,0.01205684058368206,3.981716972903495e-08
0,0.12544631958007812,0.0007064275124145241
0,0.001932852203026414,1.0185789463472906e-07
1,0.9661695957183838,0.9999994419666794
1,0.644488513469696,0.995371713720112
1,0.9037162661552429,0.9937501212050067
0,0.8202304840087891,0.997989403768776
0,0.30638182163238525,0.08709437819270786
0,0.00113488151691854,8.041750134750355e-07
1,0.9472137093544006,0.9993075466182231
0,0.06153612583875656,0.0005106556010504508
0,0.0005112416110932827,3.723449295795724e-08
0,0.008732134476304054,1.2347331879854957e-06
0,0.009197497740387917,1.053908837316111e-06
0,0.2829354405403137,0.6200542874276201
1,0.7466208934783936,0.9938534923084398
0,0.023647844791412354,3.988361161523493e-07
0,0.03580005094408989,1.522094430766938e-06
0,0.18587546050548553,0.0005718044983189468
0,0.0020882883109152317,1.8711107506475154e-08
1,0.8862451314926147,0.9904785942451667
1,0.7304164171218872,0.9992073832307764
0,0.0003316836664453149,3.639411462072126e-08
1,0.7472426295280457,0.9179111967783903
1,0.9622597694396973,0.9999998584756795
0,0.00888113584369421,1.6734199550913847e-06
1,0.9610500931739807,0.9999983825026684
0,0.005549220368266106,1.9762040292791689e-07
0,0.017124194651842117,6.34422321897829e-08
0,0.0019212706247344613,5.9112035464194094e-08
0,0.3645442724227905,0.00037602283172020594
0,0.0010711958166211843,2.032754455260972e-07
0,0.0024954909458756447,7.585550799984861e-08
0,0.22080031037330627,0.0038479224317945707
0,0.002756057772785425,3.4668777128722773e-06
0,0.1080065369606018,0.00034075218441139674
1,0.8743183016777039,0.9990289895360397
1,0.9066759943962097,0.9864261189984335
0,0.0006295306957326829,6.957308717912597e-08
1,0.982455849647522,0.9990956105389571
0,0.19627705216407776,0.004695806885571594
1,0.9120270609855652,0.999765645767643
0,0.0013465151423588395,3.844052785885454e-07
1,0.83660888671875,0.9897615335403771
0,0.22915059328079224,0.06956219946450407
0,0.0008861109963618219,5.114556971650034e-08
0,0.832103967666626,0.8320152727049872
0,0.0221954807639122,1.0224434912083666e-05
0,0.06514494121074677,0.00017012619113393308
1,0.8524451851844788,0.9764752315750503
1,0.7588484287261963,0.9382285974666121
1,0.7718260288238525,0.9753301936770781
0,0.37535327672958374,0.6606875847725702
0,0.013946318998932838,2.7207527903812703e-07
0,0.3620031177997589,0.03650970319762698
0,0.7519307136535645,0.9001792402571307
0,0.0005043974961154163,1.5081397845877958e-07
0,0.014247206971049309,2.805533507285641e-06
0,0.36041614413261414,0.006848877580823664
0,0.0036599033046513796,5.4703951765914315e-08
0,0.18400533497333527,1.1572103274219348e-05
1,0.9226348400115967,0.9999847441249697
1,0.914508044719696,0.9999906205784149
0,0.5101120471954346,0.5842414542007207
0,0.0006314411293715239,1.9951764909156243e-08
0,0.44515737891197205,0.04297991333632567
0,0.011258548125624657,3.76950586366997e-07
0,0.16563838720321655,0.00018059157036540654
0,0.02243729494512081,2.5272245260546175e-06
0,0.875100314617157,0.9999727366412661
0,0.04768120497465134,2.7965028104576837e-06
0,0.002427858766168356,9.396253485649981e-07
0,0.052701205015182495,0.00012142703596910598
0,0.04459293931722641,5.6918027699792295e-05
0,0.013863957487046719,1.3248031136424427e-06
1,0.027723446488380432,2.5321837859960362e-06
0,0.022720471024513245,4.1804934713039376e-07
1,0.4849541485309601,0.8329373340122338
1,0.6449914574623108,0.9977389925713247
1,0.9342019557952881,0.9998726049187836
0,0.011278603225946426,9.804464991572116e-07
0,0.000697585754096508,1.672240210256095e-07
1,0.5579530000686646,0.9883120630893804
1,0.960058331489563,0.9999934406744598
0,0.0004395225550979376,5.6286548350954345e-08
1,0.008278674446046352,4.90249119344784e-06
0,0.03820362314581871,0.0005556296819497269
0,0.002676278818398714,3.699307424050414e-07
0,0.3770558834075928,0.04979572713687272
1,0.8898646831512451,0.9897093909284388
1,0.7687607407569885,0.9861350205377414
0,0.003356135217472911,6.090216680208171e-08
0,0.0012929285876452923,1.1611717021349921e-07
0,0.011507834307849407,5.521341462077797e-07
0,0.0013408930972218513,3.90112642279842e-07
0,0.0021410631015896797,0.0005082474131322158
0,0.000704747682902962,1.1351128348166687e-08
1,0.8704289197921753,0.9979149025718475
0,0.0007419951143674552,5.433837942153641e-07
0,0.7727270722389221,0.9345168817153412
0,0.0021683243103325367,2.7057998161281465e-05
1,0.9365128874778748,0.9999864270321268
0,0.16483378410339355,0.0007294517584126124
0,0.09902254492044449,0.0014563878868790647
1,0.7670668363571167,0.9956569807177909
1,0.9208102822303772,0.9980377073221965
0,0.001764836022630334,2.0687174963011728e-07
1,0.957726240158081,0.9999540814716777
1,0.9606828093528748,0.9999739379281272
0,0.21669963002204895,0.00673449497356223
1,0.64438796043396,0.8950981214582895
0,0.4072485566139221,0.14377262770302932
0,0.017289595678448677,1.682964161835157e-05
0,0.0026582314167171717,7.39485376749612e-07
0,0.00028930132975801826,7.999621054806146e-08
0,0.061816293746232986,0.019383257719307184
0,0.32130396366119385,0.014238818986016697
1,0.9103116989135742,0.9998428928614532
1,0.9888004064559937,0.9998565428903518
0,0.001753050135448575,4.991199484552981e-07
0,0.001803502906113863,6.116890733029147e-07
0,0.002339680679142475,7.727667585182404e-06
0,0.6811209321022034,0.08396834440981704
0,0.07819949090480804,5.7598133999900626e-05
0,0.025608014315366745,4.035880776165842e-05
0,0.8020890355110168,0.9998071469619904
0,0.5341978073120117,0.0004383160210649169
1,0.9469118714332581,0.9999296931574964
1,0.8435543179512024,0.9938490824613829
0,0.3976220190525055,0.015235111361085485
0,0.818069577217102,0.9925973958826932
0,0.029368802905082703,6.789997856440775e-07
0,0.0003619915514718741,5.69220971045352e-09
0,0.01611216738820076,3.183539873228882e-05
1,0.5850892663002014,0.6685550574189224
1,0.8897878527641296,0.9999516868625377
0,0.6448952555656433,0.03206979272955205
0,0.03495915234088898,6.050523386003873e-06
0,0.00040243571856990457,2.1195016914463537e-08
0,0.0009279153891839087,2.6781861464479634e-07
0,0.009486870840191841,2.7181555780361765e-05
0,0.020457148551940918,1.2626171026438985e-06
0,0.0010673431679606438,9.916505361931223e-07
0,0.002162574790418148,2.222061859633433e-07
1,0.6641770005226135,0.4329152869791743
0,0.0005244910717010498,1.6637194472860475e-06
0,0.9409219622612,0.9988984257534589
0,0.0021989867091178894,4.543375960199607e-07
0,0.01832725666463375,4.615671978351082e-07
0,0.25056079030036926,0.0006377472358844559
0,0.0024447862524539232,1.0524474092784738e-08
1,0.9681233167648315,0.9999986482873165
1,0.0413363091647625,1.1512942518068187e-06
0,0.005673649255186319,4.044398275688e-06
0,0.02036396414041519,1.9802509085880468e-07
0,0.6845993995666504,0.7857165303255726
0,0.00433019082993269,2.3771769533700645e-06
0,0.013990371488034725,5.879636590865471e-07
0,0.4529593884944916,0.1964305738585368
0,0.00044576043728739023,5.650560680157943e-07
1,0.9637588262557983,0.9995377894129128
0,0.27848684787750244,0.6834062483053674
0,0.18026992678642273,0.00036289347986270923
1,0.6042879819869995,0.9023995117701439
0,0.00034089951077476144,1.657598887557842e-08
0,0.0006597139872610569,2.3203472949620497e-08
0,0.2957608699798584,0.006987192952585945
0,0.11395895481109619,1.793960702229544e-05
1,0.99037766456604,0.9999997178977375
0,0.0006875406252220273,8.425273344332041e-07
0,0.46840688586235046,0.9928576769231927
0,0.0014610195066779852,2.461028440551213e-07
0,0.2966364324092865,0.00012672450688809705
1,0.874602198600769,0.9999537551959943
0,0.01610560342669487,1.854677963277669e-06
1,0.9405382871627808,0.9999237232345579
0,0.004271200392395258,2.267553012235254e-06
0,0.14836397767066956,0.00016200588482085456
1,0.9952951669692993,0.9999849953199164
0,0.0072060273960232735,2.1767364064555683e-07
0,0.000386317988159135,4.3146309878956964e-07
0,0.004697852302342653,7.669106739023275e-07
0,0.9888993501663208,0.999989847738597
0,0.004564948379993439,1.2984249894447574e-06
